Country,Region,City,Location,URL,Info
Canada,Alberta,Calgary, Chinook Centre,/ca/retail/chinookcentre/,"
Calgary, Chinook Centre
6455 Macleod Trail SW
Calgary, Alberta T2H 0K8
(403) 444-3759
"
Canada,Alberta,Calgary, Chinook Centre,/ca/retail/marketmall/,"
Calgary, Market Mall
3625 Shaganappi Trail NW
Calgary, Alberta T3A 0E2
(403) 648-4865
"
Canada,Alberta,Calgary, Chinook Centre,/ca/retail/southgatecentre/,"
Edmonton, Southgate Centre
5015 111 St
Edmonton, Alberta T6H 4M6
(780) 801-3820
"
Canada,Alberta,Calgary, Chinook Centre,/ca/retail/westedmonton/,"
Edmonton, West Edmonton
8882-170 Street
Edmonton, Alberta T5T 4M2
(780) 701-0540
"
Canada,British Columbia,Burnaby, Metrotown,/ca/retail/metrotown/,"
Burnaby, Metrotown
320 4700 Kingsway
Burnaby, British Columbia V5H 4J2
(778) 373-4810
"
Canada,British Columbia,Burnaby, Metrotown,/ca/retail/coquitlamcentre/,"
Coquitlam, Coquitlam Centre
2929 Barnet Highway
Coquitlam, British Columbia V3B 5R5
(604) 945-1160
"
Canada,British Columbia,Burnaby, Metrotown,/ca/retail/richmondcentre/,"
Richmond, Richmond Centre
6551 No. 3 Road
Richmond, British Columbia V6Y 2B6
(604) 248-3940
"
Canada,British Columbia,Burnaby, Metrotown,/ca/retail/guildfordtowncentre/,"
Surrey, Guildford Town Centre
10355 152 Street
Surrey, British Columbia V3R 7C1
(604) 634-3240
"
Canada,British Columbia,Burnaby, Metrotown,/ca/retail/oakridgecentre/,"
Vancouver, Oakridge Centre
650 West 41st Avenue
Vancouver, British Columbia V5Z 2M9
(778) 373-4500
"
Canada,British Columbia,Burnaby, Metrotown,/ca/retail/pacificcentre/,"
Vancouver, Pacific Centre
701 West Georgia Street
Vancouver, British Columbia V7Y 1G5
(778) 373-1800
"
Canada,Manitoba,Winnipeg, Polo Park,/ca/retail/polopark/,"
Winnipeg, Polo Park
1485 Portage Avenue
Winnipeg, Manitoba R3G 0W4
(204) 777-4500
"
Canada,Nova Scotia,Halifax, Halifax Shopping Centre,/ca/retail/halifaxshoppingcentre/,"
Halifax, Halifax Shopping Centre
7001 Mumford Road
Halifax, Nova Scotia B3L 4N9
(902) 442-3495
"
Canada,Ontario,Burlington, Mapleview Centre,/ca/retail/mapleviewcentre/,"
Burlington, Mapleview Centre
900 Maple Avenue
Burlington, Ontario L7S 2J8
(289) 288-2012
"
Canada,Ontario,Burlington, Mapleview Centre,/ca/retail/masonville/,"
London, Masonville
1680 Richmond Street North
London, Ontario N6G 3Y9
(519) 963-4060
"
Canada,Ontario,Burlington, Mapleview Centre,/ca/retail/markvilleshoppingcentre/,"
Markham, Markville Shopping Centre
5000 Highway 7 East
Markham, Ontario L3R 4M9
(905) 513-2860
"
Canada,Ontario,Burlington, Mapleview Centre,/ca/retail/squareone/,"
Mississauga, Square One
100 City Centre Drive
Mississauga, Ontario L5B 2C9
(905) 366-0580
"
Canada,Ontario,Burlington, Mapleview Centre,/ca/retail/uppercanadamall/,"
Newmarket, Upper Canada Mall
17600 Yonge Street
Newmarket, Ontario L3Y 4Z1
(905) 952-3400
"
Canada,Ontario,Burlington, Mapleview Centre,/ca/retail/bayshoreshoppingcentre/,"
Ottawa, Bayshore Shopping Centre
100 Bayshore Drive
Ottawa, Ontario K2B 8C1
(613) 288-7950
"
Canada,Ontario,Burlington, Mapleview Centre,/ca/retail/rideau/,"
Ottawa, Rideau
50 Rideau Street
Ottawa, Ontario K1N 9J7
(613) 688-5575
"
Canada,Ontario,Burlington, Mapleview Centre,/ca/retail/eatoncentre/,"
Toronto, Eaton Centre
220 Yonge Street
Toronto, Ontario M5B 2H1
(647) 258-0801
"
Canada,Ontario,Burlington, Mapleview Centre,/ca/retail/fairview/,"
Toronto, Fairview
1800 Sheppard Avenue East
Toronto, Ontario M2J 5A7
(416) 646-4412
"
Canada,Ontario,Burlington, Mapleview Centre,/ca/retail/sherwaygardens/,"
Toronto, Sherway Gardens
25 The West Mall
Toronto, Ontario M9C 1B8
(416) 646-8489
"
Canada,Ontario,Burlington, Mapleview Centre,/ca/retail/yorkdale/,"
Toronto, Yorkdale
3401 Dufferin Street
Toronto, Ontario M6A 3A1
(416) 785-1776
"
Canada,Ontario,Burlington, Mapleview Centre,/ca/retail/conestoga/,"
Waterloo, Conestoga
550 King Street North
Waterloo, Ontario N2L 5W6
(519) 772-5150
"
Canada,Quebec,Brossard, DIX30,/ca/retail/dix30/,"
Brossard, DIX30
9120 boul. Leduc
Brossard, Quebec J4Y 0L3
(450) 618-1400
"
Canada,Quebec,Brossard, DIX30,/ca/retail/carrefourlaval/,"
Laval, Carrefour Laval
3035, boulevard Le Carrefour, local C14B
Laval, Quebec H7T 1C8
(450) 902-4400
"
Canada,Quebec,Brossard, DIX30,/ca/retail/saintecatherine/,"
Montreal, Sainte-Catherine
1321 Rue Ste-Catherine Ouest
Montreal, Quebec H3G 1P7
(514) 906-8400
"
Canada,Quebec,Brossard, DIX30,/ca/retail/fairviewpointeclaire/,"
Pointe-Claire, Fairview Pointe-Claire
6801, Transcanada Highway
Pointe-Claire, Quebec H9R 5J2
(514) 630-8800
"
Canada,Quebec,Brossard, DIX30,/ca/retail/placestefoy/,"
Quebec City, Place Ste-Foy
2450 Boulevard Laurier
Quebec City, Quebec G1V 2L1
(418) 266-8600
"
Turkey,Besiktas Istanbul,Besiktas Istanbul, Zorlu Center,/tr/retail/zorlucenter/,"
Besiktas Istanbul, Zorlu Center
Zorlu Center
Koru Sok. No:2
Besiktas Istanbul 34340
(0212) 708 3700
"
Turkey,Uskudar Istanbul,Uskudar Istanbul, Akasya,/tr/retail/akasya/,"
Uskudar Istanbul, Akasya
Akasya AVM
Aclbadem Mahallesi, Cecen Sok. No : 25
Uskudar Istanbul 34660
(0216) 250 7100
"
Italy,Bologna,Bologna, Via Rizzoli,/it/retail/viarizzoli/,"
Bologna, Via Rizzoli
Via Rizzoli, 16

40125 Bologna 
051 6400 100
"
Italy,Campi Bisenzio,Campi Bisenzio, I Gigli,/it/retail/igigli/,"
Campi Bisenzio, I Gigli
Centro Commerciale I Gigli
Via San Quirico, 165
50013 Campi Bisenzio Florence 
055880 3000
"
Italy,Carugate,Carugate, Carosello,/it/retail/carosello/,"
Carugate, Carosello
Centro Commerciale Carosello
Strada Provinciale 208 KM 2
20061 Carugate Milan 
029250 7200
"
Italy,Firenze,Firenze, Firenze,/it/retail/firenze/,"
Firenze, Firenze
Piazza della Repubblica

50123 Firenze 
0554641900
"
Italy,Grugliasco,Grugliasco, Le Gru,/it/retail/legru/,"
Grugliasco, Le Gru
Centro commerciale Le Gru
Via Crea, 10
10095 Grugliasco Turin 
011770 511 00
"
Italy,Lonato,Lonato, il Leone,/it/retail/illeone/,"
Lonato, il Leone
Il Leone Shopping Center
Via Mantova, 36
25017 Lonato Brescia 
030 915 6701
"
Italy,Marcianise,Marcianise, Campania,/it/retail/campania/,"
Marcianise, Campania
Centro Commerciale Campania
S.S. Sannitica 87 - Localita Aurno
81025 Marcianise Caserta 
082 369 8 7 100
"
Italy,Mestre,Mestre, Nave de Vero,/it/retail/navedevero/,"
Mestre, Nave de Vero
Centro commerciale Nave de Vero
Via Arduino - Marghera
30175 Mestre Venezia 
041 884 2700
"
Italy,Misterbianco,Misterbianco, Centro Sicilia,/it/retail/centrosicilia/,"
Misterbianco, Centro Sicilia
Strada provinciale 54 - Localita La Tenutella
Contrada Cubba
95045 Misterbianco Catania 
09571818 0100
"
Italy,Orio al Serio,Orio al Serio, Oriocenter,/it/retail/oriocenter/,"
Orio al Serio, Oriocenter
Centro commerciale Oriocenter
Via Portico, 71
24050 Orio al Serio Bergamo 
035 421 400
"
Italy,Rimini,Rimini, Le Befane,/it/retail/lebefane/,"
Rimini, Le Befane
Centro Commerciale Le Befane
Via Caduti di Nassiriya, 20
47900 Rimini 
0541 181 3200
"
Italy,Roma Bufalotta,Roma Bufalotta, Porta di Roma,/it/retail/portadiroma/,"
Roma Bufalotta, Porta di Roma
Galleria Porta di Roma
Via Alberto Lionello, 201
00139 Roma Bufalotta Rome 
06 8720 8501
"
Italy,Roma EUR,Roma EUR, Euroma2,/it/retail/euroma2/,"
Roma EUR, Euroma2
Centro Commerciale Euroma2
Viale dell'Oceano Pacifico, 83
00144 Roma EUR Roma 
06 4523 0700
"
Italy,Roma Lunghezza,Roma Lunghezza, RomaEst,/it/retail/romaest/,"
Roma Lunghezza, RomaEst
Centro commerciale RomaEst
Via Collatina, 858
00132 Roma Lunghezza Rome 
06 224 5300
"
Italy,Rozzano,Rozzano, Fiordaliso,/it/retail/fiordaliso/,"
Rozzano, Fiordaliso
Centro Commerciale Fiordaliso
Via Curiel, 25
20089 Rozzano Milan 
025779 7600
"
Italy,Torino,Torino, Via Roma,/it/retail/viaroma/,"
Torino, Via Roma
Via Roma, 82

10121 Torino 
011 506 6201
"
France,Aix-en-Provence,Aix-en-Provence, Aix-en-Provence,/fr/retail/aix-en-provence/,"
Aix-en-Provence, Aix-en-Provence
2 Place du General de Gaulle

13100 Aix-en-Provence
04 88 80 78 00
"
France,Bordeaux,Bordeaux, Sainte-Catherine,/fr/retail/sainte-catherine/,"
Bordeaux, Sainte-Catherine
2-4 rue Sainte-Catherine

33000 Bordeaux
05 56 69 58 00
"
France,Dijon,Dijon, La Toison d'Or,/fr/retail/latoisondor/,"
Dijon, La Toison d'Or
Centre Commercial de la Toison d'Or
Avenue de Langres
21078 Dijon
03 80 40 45 00
"
France,Le Chesnay,Le Chesnay, Parly 2,/fr/retail/parly2/,"
Le Chesnay, Parly 2
Centre commercial regional Parly 2
Avenue Charles de Gaulle
78158 Le Chesnay
01 39 66 26 00
"
France,Lieusaint,Lieusaint, Carre Senart,/fr/retail/carresenart/,"
Lieusaint, Carre Senart
Centre commercial regional
3, allee du Preambule
77127 Lieusaint
01 60 18 26 00
"
France,Lille,Lille, Lille,/fr/retail/lille/,"
Lille, Lille
1 rue Faidherbe

 Lille
03 59 81 89 00
"
France,Lyon,Lyon, Confluence,/fr/retail/confluence/,"
Lyon, Confluence
Centre Commercial Confluence
112 Cours Charlemagne
69002 Lyon
04 37 23 15 00
"
France,Lyon,Lyon, Part-Dieu,/fr/retail/part-dieu/,"
Lyon, Part-Dieu
Centre commercial La Part-Dieu

69003 Lyon
04 72 13 25 00
"
France,Marne-la-Vallee,Marne-la-Vallee, Val d'Europe,/fr/retail/valdeurope/,"
Marne-la-Vallee, Val d'Europe
Centre Commercial Val d'Europe
14, cours du Danube - Serris
77711 Marne-la-Vallee
01 64 17 35 00
"
France,Marseille,Marseille, Marseille,/fr/retail/marseille/,"
Marseille, Marseille
Les Terrasses du Port
9 Quai du Lazaret
13002 Marseille
04 20 10 54 00
"
France,Montpellier,Montpellier, Odysseum,/fr/retail/odysseum/,"
Montpellier, Odysseum
Centre Commercial Odysseum
Zone Odysseum Zac Port Marianne
34000 Montpellier
04 67 13 99 00
"
France,Nice,Nice, CAP 3000,/fr/retail/cap3000/,"
Nice, CAP 3000
Avenue Eugene Donadei
Saint-Laurent Du Var
06700 Nice
04 92 12 51 50
"
France,Paris,Paris, Carrousel du Louvre,/fr/retail/carrouseldulouvre/,"
Paris, Carrousel du Louvre
99 rue de Rivoli

75001 Paris
01 43 16 78 00
"
France,Paris,Paris, Marche Saint-Germain,/fr/retail/marchesaintgermain/,"
Paris, Marche Saint-Germain
7-9 rue Clement

75006 Paris
01 85 65 48 00
"
France,Paris,Paris, Opera,/fr/retail/opera/,"
Paris, Opera
12 rue Halevy

75009 Paris
01 44 83 42 00
"
France,Puteaux - la Defense,Puteaux - la Defense, Les Quatre Temps,/fr/retail/lesquatretemps/,"
Puteaux - la Defense, Les Quatre Temps
Centre commercial Les Quatre Temps
15 Parvis de la Defense
92800 Puteaux - la Defense
01 41 97 36 00
"
France,Rosny-Sous-Bois,Rosny-Sous-Bois, Rosny 2,/fr/retail/rosny2/,"
Rosny-Sous-Bois, Rosny 2
Centre Commercial Rosny 2
Avenue du General-de-Gaulle
93117 Rosny-Sous-Bois
01 73 30 89 00
"
France,Saint Herblain,Saint Herblain, Atlantis,/fr/retail/atlantis/,"
Saint Herblain, Atlantis
Galerie Atlantis Le Centre

44811 Saint Herblain
02 40 85 57 00
"
France,Strasbourg,Strasbourg, Strasbourg,/fr/retail/strasbourg/,"
Strasbourg, Strasbourg
L'Aubette
Place Kleber
67000 Strasbourg
03 88 10 13 00
"
France,Velizy-Villacoublay,Velizy-Villacoublay, Velizy 2,/fr/retail/velizy2/,"
Velizy-Villacoublay, Velizy 2
2 Avenue de l'Europe

78140 Velizy-Villacoublay
01 30 70 77 00
"
Australia,Australian Capital Territory,Canberra,Canberra Centre,/au/retail/canberra/,"
Canberra
Canberra Centre
Canberra ACT 2601
(02) 6224 9500
"
Australia,New South Wales,Bondi,213 Oxford Street,/au/retail/bondi/,"
Bondi
213 Oxford Street
Bondi Junction NSW 2022
(02) 9019 2400
"
Australia,New South Wales,Broadway,Broadway Shopping Centre,/au/retail/broadway/,"
Broadway
Broadway Shopping Centre
Broadway NSW 2007
(02) 8035 4000
"
Australia,New South Wales,Castle Towers,Castle Towers Shopping Centre,/au/retail/castletowers/,"
Castle Towers
Castle Towers Shopping Centre
Castle Hill NSW 2154
(02) 8864 0800
"
Australia,New South Wales,Charlestown,Charlestown Square,/au/retail/charlestown/,"
Charlestown
Charlestown Square
Charlestown NSW 2290
(02) 4032 5800
"
Australia,New South Wales,Chatswood Chase,Chatswood Chase Shopping Centre,/au/retail/chatswoodchase/,"
Chatswood Chase
Chatswood Chase Shopping Centre
Chatswood NSW 2067
(02) 8064 6300
"
Australia,New South Wales,Hornsby,Westfield Hornsby,/au/retail/hornsby/,"
Hornsby
Westfield Hornsby
Hornsby NSW 2077
(02) 8401 8800
"
Australia,New South Wales,Miranda,Westfield Miranda,/au/retail/miranda/,"
Miranda
Westfield Miranda
Miranda NSW 2228
(02) 8578 1700
"
Australia,New South Wales,Penrith,Westfield Penrith,/au/retail/penrith/,"
Penrith
Westfield Penrith
Penrith NSW 2750
(02) 4702 9400
"
Australia,New South Wales,Sydney,367 George Street,/au/retail/sydney/,"
Sydney
367 George Street
Sydney NSW 2000
(02) 8083 9400
"
Australia,Queensland,Brisbane,MacArthur Chambers,/au/retail/brisbane/,"
Brisbane
MacArthur Chambers
Brisbane QLD 4000
(07) 3182 9000
"
Australia,Queensland,Carindale,Westfield Carindale,/au/retail/carindale/,"
Carindale
Westfield Carindale
Carindale QLD 4152
(07) 3199 2200
"
Australia,Queensland,Chermside,Westfield Chermside,/au/retail/chermside/,"
Chermside
Westfield Chermside
Chermside QLD 4032
(07) 3115 0800
"
Australia,Queensland,Robina,Robina Town Centre,/au/retail/robina/,"
Robina
Robina Town Centre
Robina Town Centre QLD 4230
(07) 5667 0400
"
Australia,South Australia,Rundle Place,Rundle Place Centre,/au/retail/rundleplace/,"
Rundle Place
Rundle Place Centre
Adelaide SA 5000
(08) 7088 5300
"
Australia,Victoria,Chadstone,Chadstone Shopping Centre,/au/retail/chadstone/,"
Chadstone
Chadstone Shopping Centre
Chadstone VIC 3148
(03) 9038 7500
"
Australia,Victoria,Southland,Westfield Southland,/au/retail/southland/,"
Southland
Westfield Southland
Cheltenham VIC 3192
(03) 8523 1400
"
Australia,Victoria,Doncaster,Westfield Doncaster,/au/retail/doncaster/,"
Doncaster
Westfield Doncaster
Doncaster VIC 3108
(03) 9914 2800
"
Australia,Victoria,Fountain Gate,Westfield Fountain Gate,/au/retail/fountaingate/,"
Fountain Gate
Westfield Fountain Gate
Fountain Gate VIC 3805
(03) 8765 4000
"
Australia,Victoria,Highpoint,Highpoint Shopping Centre,/au/retail/highpoint/,"
Highpoint
Highpoint Shopping Centre
Maribyrnong VIC 3032
(03) 9975 9700
"
Australia,Western Australia,Garden City Perth,Garden City,/au/retail/gardencityperth/,"
Garden City Perth
Garden City
Booragoon WA 6154
(08) 6557 6000
"
Australia,Western Australia,Perth City,790 Hay Street,/au/retail/perthcity/,"
Perth City
790 Hay Street
Perth WA 6000
(08) 6140 3800
"
Singapore,Singapore,Singapore, Orchard Road,/sg/retail/orchardroad/,"
Singapore, Orchard Road
270 Orchard Road
Singapore, 238857
1800 699 2824
"
China,Beijing,Beijing,Chaoyang Joy City,/cn/retail/chaoyangjoycity/,"
Chaoyang Joy City
101 Chaoyang North Road
Chaoyang District
4006171284
"
China,Beijing,Beijing,Chaoyang Joy City,/cn/retail/chinacentralmall/,"
China Central Mall
China Central Mall
81 Jianguo Road, Chaoyang District
4006171210
"
China,Beijing,Beijing,Chaoyang Joy City,/cn/retail/sanlitun/,"
Sanlitun
Building 6, No. 19, Sanlitun Road
Taikoo Li Sanlitun, Chaoyang District
4006171363
"
China,Beijing,Beijing,Chaoyang Joy City,/cn/retail/wangfujing/,"
Wangfujing
Beijing apm, No. 138 Wangfujing Street
Dongcheng District
4006171205
"
China,Beijing,Beijing,Chaoyang Joy City,/cn/retail/xidanjoycity/,"
Xidan Joy City
131 North Xidan Avenue, Joy City
Xicheng District
4006171204
"
China,Chongqing,Chongqing,Jiefangbei,/cn/retail/jiefangbei/,"
Jiefangbei
108 Zourong Road
Yuzhong District
4006171224
"
China,Chongqing,Chongqing,Jiefangbei,/cn/retail/mixcchongqing/,"
MixC Chongqing
55 Xiejiawan Street
Jiulongpo District
4006171215
"
China,Chongqing,Chongqing,Jiefangbei,/cn/retail/paradisewalkchongqing/,"
Paradise Walk Chongqing
8 Paradise Walk
Jiangbei District
4006171240
"
China,Fujian,Fujian,Thaihot Plaza,/cn/retail/thaihotplaza/,"
Thaihot Plaza
Thaihot Plaza
6 Zhuyu Road, Jin'an District
4006171354
"
China,Fujian,Fujian,Thaihot Plaza,/cn/retail/xiamenlifestylecenter/,"
Xiamen Lifestyle Center
SM Lifestyle Center
No.399 Jiahe Road, Siming District
4006171383
"
China,Guangdong,Guangdong,Parc Central,/cn/retail/parccentral/,"
Parc Central
No. 218, Tianhe Road
Tianhe District
4006139742
"
China,Guangdong,Guangdong,Parc Central,/cn/retail/zhujiangnewtown/,"
Zhujiang New Town
International Grand City L1
222 Xingmin Road, Zhujiang New Town
4006393601
"
China,Guangdong,Guangdong,Parc Central,/cn/retail/holidayplazashenzhen/,"
Holiday Plaza Shenzhen
No. 9028 Shennan Avenue
4006171254
"
China,Guangxi,Guangxi,MixC Nanning,/cn/retail/mixcnanning/,"
MixC Nanning
136 Minzu Avenue
Qingxiu District
4006171265
"
China,Henan,Henan,MixC Zhengzhou,/cn/retail/mixczhengzhou/,"
MixC Zhengzhou
10 Minzhu Road,
Erqi District
4006171264
"
China,Jiangsu,Jiangsu,Nanjing IST,/cn/retail/nanjingist/,"
Nanjing IST
100 Zhongshan Road
Xuanwu District
4006171334
"
China,Jiangsu,Jiangsu,Nanjing IST,/cn/retail/nanjingjinmaoplace/,"
Nanjing Jinmao Place
No.201 Zhongyang Road
Gulou District
4006139772
"
China,Jiangsu,Jiangsu,Nanjing IST,/cn/retail/wondercity/,"
Wonder City
619 Yingtian Road
Yuhuatai District
4006171332
"
China,Jiangsu,Jiangsu,Nanjing IST,/cn/retail/center66wuxi/,"
Center 66 Wuxi
139 Renmin Middle Road
Liangxi District
4006171325
"
China,Liaoning,Liaoning,Olympia 66 Dalian,/cn/retail/olympia66dalian/,"
Olympia 66 Dalian
No.66 Wusi Road
Xigang District
4006139741
"
China,Liaoning,Liaoning,Olympia 66 Dalian,/cn/retail/parkland/,"
Parkland
19 Jiefang Road
Zhongshan District
4000560921
"
China,Liaoning,Liaoning,Olympia 66 Dalian,/cn/retail/mixcshenyang/,"
MixC Shenyang
288 Qingnian Street
Heping District
4006171274
"
China,Liaoning,Liaoning,Olympia 66 Dalian,/cn/retail/zhongjiejoycity/,"
Zhongjie Joy City
5 Xiaodong Road
Dadong District
4006171252
"
China,Shandong,Shandong,Parc 66 Jinan,/cn/retail/parc66jinan/,"
Parc 66 Jinan
No. 188 Quancheng Road
Lixia District
4006139743
"
China,Shandong,Shandong,Parc 66 Jinan,/cn/retail/mixcqingdao/,"
MixC Qingdao
6A Shandong Road
Shinan District
4006171285
"
China,Shanghai,Shanghai,Global Harbor,/cn/retail/globalharbor/,"
Global Harbor
3300 North Zhongshan Road
Putuo District
4006171335
"
China,Shanghai,Shanghai,Global Harbor,/cn/retail/hongkongplaza/,"
Hong Kong Plaza
282 Huaihai Zhong Road
Luwan District
4006171312
"
China,Shanghai,Shanghai,Global Harbor,/cn/retail/nanjingeast/,"
Nanjing East
No. 300 East Nanjing Road
HuangPu District
4006639988
"
China,Shanghai,Shanghai,Global Harbor,/cn/retail/pudong/,"
Pudong
No.8 Century Avenue IFC Mall
Shop LG2-27, Lujiazui, Pudong District
4006171305
"
China,Shanghai,Shanghai,Global Harbor,/cn/retail/qibao/,"
Qibao
Shanghai Qibao Vanke Mall
No. 3366 Caobao Road, Minhang District
4006139773
"
China,Shanghai,Shanghai,Global Harbor,/cn/retail/shanghaiiapm/,"
Shanghai iapm
999 Middle Huaihai Road
Xuhui District
4006171324
"
China,Shanghai,Shanghai,Global Harbor,/cn/retail/wujiaochang/,"
Wujiaochang
Hopson One
No. 1099 Xiangyin Road, Yangpu District
4006139771
"
China,Sichuan,Sichuan,MixC Chengdu,/cn/retail/mixcchengdu/,"
MixC Chengdu
No. 8 Shuangqing Road, Chenghua District
4006171214
"
China,Sichuan,Sichuan,MixC Chengdu,/cn/retail/taikoolichengdu/,"
Taikoo Li Chengdu
8 Middle Shamao Street
Jinjiang District
4006171275
"
China,Tianjin,Tianjin,Galaxy Mall,/cn/retail/galaxymall/,"
Galaxy Mall
9 Le Yuan Road
Hexi District
4006139745
"
China,Tianjin,Tianjin,Galaxy Mall,/cn/retail/riverside66tianjin/,"
Riverside 66 Tianjin
166 Xing'an Road
Heping District
4006139744
"
China,Tianjin,Tianjin,Galaxy Mall,/cn/retail/tianjinjoycity/,"
Tianjin Joy City
2 Nanmenwai Street
Nankai District
4006171262
"
China,Yunnan,Yunnan,Kunming,/cn/retail/kunming/,"
Kunming
Shuncheng Shopping Center
No. 11 Dongfeng Road, Wuhua District
4006393602
"
China,Zhejiang,Zhejiang,MixC Hangzhou,/cn/retail/mixchangzhou/,"
MixC Hangzhou
701 Fuchun Road
Jianggan District
4006171304
"
China,Zhejiang,Zhejiang,MixC Hangzhou,/cn/retail/westlake/,"
West Lake
100 Pinghai Road
Shangcheng District
4006171302
"
China,Zhejiang,Zhejiang,MixC Hangzhou,/cn/retail/tianyisquare/,"
Tianyi Square
Tianyi Square No.133
Qizha Street Haishu District
4006139774
"
Belgium, Brussels, Brussels,Avenue de la Toison d'Or 26-28,/befr/retail/brussels/,"
Apple Store, Brussels
Avenue de la Toison d'Or 26-28

Bruxelles
0800 81 685
"
Germany,Augsburg,Augsburg, City-Galerie,/de/retail/city-galerie/,"
Augsburg, City-Galerie
City-Galerie Augsburg
Willy-Brandt-Platz 1
86153 Augsburg
08219076 490 00
"
Germany,Berlin,Berlin, Kurfurstendamm,/de/retail/kurfuerstendamm/,"
Berlin, Kurfurstendamm
Kurfurstendamm 26

10719 Berlin
030 590 090 000
"
Germany,Cologne,Cologne, Rhein Center,/de/retail/rheincenter/,"
Cologne, Rhein Center
Rhein Center
Aachener Strasse 1253
50858 Cologne
0223 42020 600
"
Germany,Cologne,Cologne, Schildergasse,/de/retail/schildergasse/,"
Cologne, Schildergasse
Schildergasse 1-9

50667 Cologne
0221 6501 3700
"
Germany,Dresden,Dresden, Altmarkt-Galerie,/de/retail/altmarkt-galerie/,"
Dresden, Altmarkt-Galerie
Altmarkt 25

1067 Dresden
0351 49774 000
"
Germany,Dusseldorf,Dusseldorf, Dusseldorf,/de/retail/duesseldorf/,"
Dusseldorf, Dusseldorf
Ko-Bogen
Konigsallee 2
40212 Dusseldorf
0211 4247 0600
"
Germany,Frankfurt,Frankfurt, Grosse Bockenheimer Strasse,/de/retail/grossebockenheimerstrasse/,"
Frankfurt, Grosse Bockenheimer Strasse
Grosse Bockenheimer Strasse 30

60313 Frankfurt
069219 308 000
"
Germany,Hamburg,Hamburg, Alstertal,/de/retail/alstertal/,"
Hamburg, Alstertal
Alstertal-Einkaufszentrum
Poppenbuttel
22391 Hamburg
040611 831 5000
"
Germany,Hamburg,Hamburg, Jungfernstieg,/de/retail/jungfernstieg/,"
Hamburg, Jungfernstieg
Jungfernstieg 12

20354 Hamburg
040 349 62 8000
"
Germany,Hannover,Hannover, Hannover,/de/retail/hannover/,"
Hannover, Hannover
Bahnhofstrasse 5

30159 Hannover
0511 9362 0700
"
Germany,Munich,Munich, OEZ,/de/retail/oez/,"
Munich, OEZ
Olympia-Einkaufszentrum
Hanauer Strasse 68
80993 Munich
089 204 002 800
"
Germany,Munich,Munich, Rosenstrasse,/de/retail/rosenstrasse/,"
Munich, Rosenstrasse
Rosenstrasse 1

80331 Munich
089 242 145 000
"
Germany,Oberhausen,Oberhausen, CentrO,/de/retail/centro/,"
Oberhausen, CentrO
CentrO Oberhausen
Centroallee 147
46047 Oberhausen
0208 3058 8000
"
Germany,Sindelfingen,Sindelfingen, Sindelfingen,/de/retail/sindelfingen/,"
Sindelfingen, Sindelfingen
Breuningerland Sindelfingen
Tilsiter Strasse 15
71065 Sindelfingen
07031 410 4600
"
Germany,Sulzbach,Sulzbach, MTZ,/de/retail/mtz/,"
Sulzbach, MTZ
Main-Taunus-Zentrum

65843 Sulzbach
069 389 8 6 5800
"
Hong Kong,Hong Kong,Hong Kong, apm Hong Kong,/hk/en/retail/apmhongkong/,"
Hong Kong, apm Hong Kong
418 Kwun Tong Road

Kwun Tong, Hong Kong 
35728900
"
Hong Kong,Hong Kong,Hong Kong, Canton Road,/hk/en/retail/cantonroad/,"
Hong Kong, Canton Road
100 Canton Road

Tsim Sha Tsui, Hong Kong 
39798800
"
Hong Kong,Hong Kong,Hong Kong, Causeway Bay,/hk/en/retail/causewaybay/,"
Hong Kong, Causeway Bay
Hysan Place
500 Hennessy Road
Causeway Bay, Hong Kong 
39793100
"
Hong Kong,Hong Kong,Hong Kong, Festival Walk,/hk/en/retail/festivalwalk/,"
Hong Kong, Festival Walk
Festival Walk
80 Tat Chee Avenue
Kowloon Tong, Hong Kong 
39793600
"
Hong Kong,Hong Kong,Hong Kong, ifc mall,/hk/en/retail/ifcmall/,"
Hong Kong, ifc mall
International Finance Centre
8 Finance Street
Central, Hong Kong 
39721500
"
Hong Kong,Hong Kong,Hong Kong, New Town Plaza,/hk/en/retail/newtownplaza/,"
Hong Kong, New Town Plaza
New Town Plaza Phase 1 L4
18 Sha Tin Centre Street
Sha Tin, Hong Kong 
38997800
"
Spain,Arroyo de la Encomienda,Arroyo de la Encomienda, Rio Shopping,/es/retail/rioshopping/,"
Arroyo de la Encomienda, Rio Shopping
Centro Comercial Rio Shopping
Calle Me falta un tornillo, 5
47195 - Arroyo de la Encomienda (Valladolid)
983 36 89 00
"
Spain,Arroyomolinos,Arroyomolinos, Xanadu,/es/retail/xanadu/,"
Arroyomolinos, Xanadu
Centro comercial de Ocio Madrid Xanadu
Carretera N-V, Km 23,5
28939 - Arroyomolinos (Madrid)
914 81 76 00
"
Spain,Barcelona,Barcelona, La Maquinista,/es/retail/lamaquinista/,"
Barcelona, La Maquinista
Centro comercial La Maquinista
Passeig de Potosi, 2
08030 - Barcelona (Barcelona)
934 66 90 00
"
Spain,Barcelona,Barcelona, Passeig de Gracia,/es/retail/passeigdegracia/,"
Barcelona, Passeig de Gracia
Passeig de Gracia, 1

08007 - Barcelona (Barcelona)
932 95 05 00
"
Spain,Churra,Churra, Nueva Condomina,/es/retail/nuevacondomina/,"
Churra, Nueva Condomina
Centro Comercial Nueva Condomina
Autovia A-7, km 760
30110 - Churra (Murcia)
968 38 78 00
"
Spain,Leganes,Leganes, Parquesur,/es/retail/parquesur/,"
Leganes, Parquesur
Centro Comercial Parquesur
Avenida Gran Bretana s/n
28916 - Leganes (Madrid)
916 44 51 00
"
Spain,Madrid,Madrid, Puerta del Sol,/es/retail/puertadelsol/,"
Madrid, Puerta del Sol
Plaza de la Puerta del Sol, 1

28013 - Madrid (Madrid)
917 69 91 00
"
Spain,Majadahonda,Majadahonda, Gran Plaza 2,/es/retail/granplaza2/,"
Majadahonda, Gran Plaza 2
Centro Comercial Gran Plaza 2
Calle de los Quimicos, 1
28222 - Majadahonda (Madrid)
916 34 97 00
"
Spain,Marbella,Marbella, La Canada,/es/retail/lacanada/,"
Marbella, La Canada
Parque Comercial La Canada
Autovia del Mediterraneo s/n Salida Ojen
29600 - Marbella (Malaga)
952 76 08 00
"
Spain,Valencia,Valencia, Calle Colon,/es/retail/callecolon/,"
Valencia, Calle Colon
Calle Colon 25

46004 - Valencia (Valencia)
963 50 63 00
"
Spain,Zaragoza,Zaragoza, Puerto Venecia,/es/retail/puertovenecia/,"
Zaragoza, Puerto Venecia
C. C. Puerto Venecia, Galeria de Moda
Avda. Puerto Venecia, s/n
50021 - Zaragoza (Zaragoza)
976 18 89 00
"
Netherlands,Amsterdam,Amsterdam,"Hirschgebouw, Leidseplein 25",/nl/retail/amsterdam/,"
Amsterdam
Hirschgebouw, Leidseplein 25
1017 PS Amsterdam
020 530 2200
"
Netherlands,Den Haag,Den Haag,Passage 39,/nl/retail/denhaag/,"
Den Haag
Passage 39
2511 AB Den Haag
070 701 0300
"
Netherlands,Haarlem,Haarlem,Grote Houtstraat 99,/nl/retail/haarlem/,"
Haarlem
Grote Houtstraat 99
2011 SH Haarlem
023 799 3800
"
United States,Alabama,Birmingham, The Summit,/retail/thesummit/,"Birmingham, The Summit"
United States,Alabama,Huntsville, Bridge Street,/retail/bridgestreet/,"Huntsville, Bridge Street"
United States,Alaska,Anchorage, Anchorage 5th Avenue Mall,/retail/anchorage5thavenuemall/,"Anchorage, Anchorage 5th Avenue Mall"
United States,Arizona,Chandler, Chandler Fashion Center,/retail/chandlerfashioncenter/,"Chandler, Chandler Fashion Center"
United States,Arizona,Gilbert, SanTan Village,/retail/santanvillage/,"Gilbert, SanTan Village"
United States,Arizona,Glendale, Arrowhead,/retail/arrowhead/,"Glendale, Arrowhead"
United States,Arizona,Phoenix, Biltmore,/retail/biltmore/,"Phoenix, Biltmore"
United States,Arizona,Scottsdale, Scottsdale Quarter,/retail/scottsdalequarter/,"Scottsdale, Scottsdale Quarter"
United States,Arizona,Tucson, La Encantada,/retail/laencantada/,"Tucson, La Encantada"
United States,Arkansas,Little Rock, The Promenade at Chenal,/retail/thepromenadeatchenal/,"Little Rock, The Promenade at Chenal"
United States,California,Bakersfield, Valley Plaza,/retail/valleyplaza/,"Bakersfield, Valley Plaza"
United States,California,Berkeley, 4th Street,/retail/4thstreet/,"Berkeley, 4th Street"
United States,California,Brea, Brea Mall,/retail/breamall/,"Brea, Brea Mall"
United States,California,Burlingame, Burlingame,/retail/burlingame/,"Burlingame, Burlingame"
United States,California,Canoga Park, Topanga,/retail/topanga/,"Canoga Park, Topanga"
United States,California,Carlsbad, Carlsbad,/retail/carlsbad/,"Carlsbad, Carlsbad"
United States,California,Cerritos, Los Cerritos,/retail/loscerritos/,"Cerritos, Los Cerritos"
United States,California,Chula Vista, Otay Ranch,/retail/otayranch/,"Chula Vista, Otay Ranch"
United States,California,Corte Madera, Corte Madera,/retail/cortemadera/,"Corte Madera, Corte Madera"
United States,California,Costa Mesa, South Coast Plaza,/retail/southcoastplaza/,"Costa Mesa, South Coast Plaza"
United States,California,Cupertino, Apple Park Visitor Center,/retail/appleparkvisitorcenter/,"Cupertino, Apple Park Visitor Center"
United States,California,Cupertino, Infinite Loop,/retail/infiniteloop/,"Cupertino, Infinite Loop"
United States,California,Emeryville, Bay Street,/retail/baystreet/,"Emeryville, Bay Street"
United States,California,Escondido, North County,/retail/northcounty/,"Escondido, North County"
United States,California,Fresno, Fashion Fair,/retail/fashionfair/,"Fresno, Fashion Fair"
United States,California,Glendale, Glendale Galleria,/retail/glendalegalleria/,"Glendale, Glendale Galleria"
United States,California,Glendale, The Americana at Brand,/retail/theamericanaatbrand/,"Glendale, The Americana at Brand"
United States,California,Irvine, Irvine Spectrum Center,/retail/irvinespectrumcenter/,"Irvine, Irvine Spectrum Center"
United States,California,Los Angeles, Beverly Center,/retail/beverlycenter/,"Los Angeles, Beverly Center"
United States,California,Los Angeles, Century City,/retail/centurycity/,"Los Angeles, Century City"
United States,California,Los Angeles, The Grove,/retail/thegrove/,"Los Angeles, The Grove"
United States,California,Los Gatos, Los Gatos,/retail/losgatos/,"Los Gatos, Los Gatos"
United States,California,Manhattan Beach, Manhattan Village,/retail/manhattanvillage/,"Manhattan Beach, Manhattan Village"
United States,California,Mission Viejo, Mission Viejo,/retail/missionviejo/,"Mission Viejo, Mission Viejo"
United States,California,Modesto, Vintage Faire,/retail/vintagefaire/,"Modesto, Vintage Faire"
United States,California,Monterey, Del Monte,/retail/delmonte/,"Monterey, Del Monte"
United States,California,Newport Beach, Fashion Island,/retail/fashionisland/,"Newport Beach, Fashion Island"
United States,California,Northridge, Northridge,/retail/northridge/,"Northridge, Northridge"
United States,California,Palm Desert, El Paseo Village,/retail/elpaseovillage/,"Palm Desert, El Paseo Village"
United States,California,Palo Alto, Palo Alto,/retail/paloalto/,"Palo Alto, Palo Alto"
United States,California,Palo Alto, Stanford,/retail/stanford/,"Palo Alto, Stanford"
United States,California,Pasadena, Pasadena,/retail/pasadena/,"Pasadena, Pasadena"
United States,California,Pleasanton, Stoneridge Mall,/retail/stoneridgemall/,"Pleasanton, Stoneridge Mall"
United States,California,Rancho Cucamonga, Victoria Gardens,/retail/victoriagardens/,"Rancho Cucamonga, Victoria Gardens"
United States,California,Roseville, Roseville,/retail/roseville/,"Roseville, Roseville"
United States,California,Sacramento, Arden Fair,/retail/ardenfair/,"Sacramento, Arden Fair"
United States,California,San Diego, Fashion Valley,/retail/fashionvalley/,"San Diego, Fashion Valley"
United States,California,San Diego, UTC,/retail/utc/,"San Diego, UTC"
United States,California,San Francisco, Chestnut Street,/retail/chestnutstreet/,"San Francisco, Chestnut Street"
United States,California,San Francisco, Stonestown,/retail/stonestown/,"San Francisco, Stonestown"
United States,California,San Francisco, Union Square,/retail/unionsquare/,"San Francisco, Union Square"
United States,California,San Jose, Oakridge,/retail/oakridge/,"San Jose, Oakridge"
United States,California,San Luis Obispo, Higuera Street,/retail/higuerastreet/,"San Luis Obispo, Higuera Street"
United States,California,San Mateo, Hillsdale,/retail/hillsdale/,"San Mateo, Hillsdale"
United States,California,Santa Barbara, State Street,/retail/statestreet/,"Santa Barbara, State Street"
United States,California,Santa Clara, Valley Fair,/retail/valleyfair/,"Santa Clara, Valley Fair"
United States,California,Santa Monica, Third Street Promenade,/retail/thirdstreetpromenade/,"Santa Monica, Third Street Promenade"
United States,California,Santa Rosa, Santa Rosa Plaza,/retail/santarosaplaza/,"Santa Rosa, Santa Rosa Plaza"
United States,California,Sherman Oaks, Sherman Oaks,/retail/shermanoaks/,"Sherman Oaks, Sherman Oaks"
United States,California,Temecula, Promenade Temecula,/retail/promenadetemecula/,"Temecula, Promenade Temecula"
United States,California,Thousand Oaks, The Oaks,/retail/theoaks/,"Thousand Oaks, The Oaks"
United States,California,Valencia, Valencia Town Center,/retail/valenciatowncenter/,"Valencia, Valencia Town Center"
United States,California,Walnut Creek, Walnut Creek,/retail/walnutcreek/,"Walnut Creek, Walnut Creek"
United States,Colorado,Boulder, Twenty Ninth Street,/retail/twentyninthstreet/,"Boulder, Twenty Ninth Street"
United States,Colorado,Broomfield, FlatIron Crossing,/retail/flatironcrossing/,"Broomfield, FlatIron Crossing"
United States,Colorado,Colorado Springs, The Promenade Shops at Briargate,/retail/thepromenadeshopsatbriargate/,"Colorado Springs, The Promenade Shops at Briargate"
United States,Colorado,Denver, Cherry Creek,/retail/cherrycreek/,"Denver, Cherry Creek"
United States,Colorado,Littleton, Aspen Grove,/retail/aspengrove/,"Littleton, Aspen Grove"
United States,Colorado,Lone Tree, Park Meadows,/retail/parkmeadows/,"Lone Tree, Park Meadows"
United States,Connecticut,Danbury, Danbury Fair Mall,/retail/danburyfairmall/,"Danbury, Danbury Fair Mall"
United States,Connecticut,Farmington, Westfarms,/retail/westfarms/,"Farmington, Westfarms"
United States,Connecticut,Greenwich, Greenwich Avenue,/retail/greenwichavenue/,"Greenwich, Greenwich Avenue"
United States,Connecticut,New Haven, New Haven,/retail/newhaven/,"New Haven, New Haven"
United States,Connecticut,South Windsor, Evergreen Walk,/retail/evergreenwalk/,"South Windsor, Evergreen Walk"
United States,Connecticut,Stamford, Stamford,/retail/stamford/,"Stamford, Stamford"
United States,Connecticut,Trumbull, Trumbull,/retail/trumbull/,"Trumbull, Trumbull"
United States,Delaware,Newark, Christiana Mall,/retail/christianamall/,"Newark, Christiana Mall"
United States,District of Columbia,Washington, Georgetown,/retail/georgetown/,"Washington, Georgetown"
United States,Florida,Altamonte Springs, Altamonte,/retail/altamonte/,"Altamonte Springs, Altamonte"
United States,Florida,Aventura, Aventura,/retail/aventura/,"Aventura, Aventura"
United States,Florida,Boca Raton, Boca Raton,/retail/bocaraton/,"Boca Raton, Boca Raton"
United States,Florida,Brandon, Brandon,/retail/brandon/,"Brandon, Brandon"
United States,Florida,Estero, Coconut Point,/retail/coconutpoint/,"Estero, Coconut Point"
United States,Florida,Fort Lauderdale, The Galleria,/retail/thegalleria/,"Fort Lauderdale, The Galleria"
United States,Florida,Jacksonville, St. Johns Town Center,/retail/stjohnstowncenter/,"Jacksonville, St. Johns Town Center"
United States,Florida,Miami Beach, Lincoln Road,/retail/lincolnroad/,"Miami Beach, Lincoln Road"
United States,Florida,Miami, Brickell City Centre,/retail/brickellcitycentre/,"Miami, Brickell City Centre"
United States,Florida,Miami, Dadeland,/retail/dadeland/,"Miami, Dadeland"
United States,Florida,Miami, The Falls,/retail/thefalls/,"Miami, The Falls"
United States,Florida,Naples, Waterside Shops,/retail/watersideshops/,"Naples, Waterside Shops"
United States,Florida,Orlando, Florida Mall,/retail/floridamall/,"Orlando, Florida Mall"
United States,Florida,Orlando, Millenia,/retail/millenia/,"Orlando, Millenia"
United States,Florida,Palm Beach Gardens, The Gardens Mall,/retail/thegardensmall/,"Palm Beach Gardens, The Gardens Mall"
United States,Florida,Sarasota, University Town Center,/retail/universitytowncenter/,"Sarasota, University Town Center"
United States,Florida,Tampa, International Plaza,/retail/internationalplaza/,"Tampa, International Plaza"
United States,Florida,Wellington, Wellington Green,/retail/wellingtongreen/,"Wellington, Wellington Green"
United States,Georgia,Alpharetta, Avalon,/retail/avalon/,"Alpharetta, Avalon"
United States,Georgia,Atlanta, Cumberland Mall,/retail/cumberlandmall/,"Atlanta, Cumberland Mall"
United States,Georgia,Atlanta, Lenox Square,/retail/lenoxsquare/,"Atlanta, Lenox Square"
United States,Georgia,Atlanta, Perimeter,/retail/perimeter/,"Atlanta, Perimeter"
United States,Georgia,Augusta, Augusta,/retail/augusta/,"Augusta, Augusta"
United States,Georgia,Buford, Mall of Georgia,/retail/mallofgeorgia/,"Buford, Mall of Georgia"
United States,Hawaii,Honolulu, Ala Moana,/retail/alamoana/,"Honolulu, Ala Moana"
United States,Hawaii,Honolulu, Kahala,/retail/kahala/,"Honolulu, Kahala"
United States,Hawaii,Honolulu, Royal Hawaiian,/retail/royalhawaiian/,"Honolulu, Royal Hawaiian"
United States,Idaho,Boise, Boise Towne Square,/retail/boisetownesquare/,"Boise, Boise Towne Square"
United States,Illinois,Chicago, Lincoln Park,/retail/lincolnpark/,"Chicago, Lincoln Park"
United States,Illinois,Chicago, Michigan Avenue,/retail/michiganavenue/,"Chicago, Michigan Avenue"
United States,Illinois,Deer Park, Deer Park,/retail/deerpark/,"Deer Park, Deer Park"
United States,Illinois,Naperville, Main Place,/retail/mainplace/,"Naperville, Main Place"
United States,Illinois,Northbrook, Northbrook,/retail/northbrook/,"Northbrook, Northbrook"
United States,Illinois,Oak Brook, Oakbrook,/retail/oakbrook/,"Oak Brook, Oakbrook"
United States,Illinois,Orland Park, Orland Square Mall,/retail/orlandsquaremall/,"Orland Park, Orland Square Mall"
United States,Illinois,Schaumburg, Woodfield,/retail/woodfield/,"Schaumburg, Woodfield"
United States,Illinois,Skokie, Old Orchard,/retail/oldorchard/,"Skokie, Old Orchard"
United States,Indiana,Indianapolis, The Fashion Mall at Keystone,/retail/thefashionmallatkeystone/,"Indianapolis, The Fashion Mall at Keystone"
United States,Indiana,Mishawaka, University Park Mall,/retail/universityparkmall/,"Mishawaka, University Park Mall"
United States,Iowa,West Des Moines, Jordan Creek,/retail/jordancreek/,"West Des Moines, Jordan Creek"
United States,Kansas,Leawood, Leawood,/retail/leawood/,"Leawood, Leawood"
United States,Kentucky,Lexington, Fayette Mall,/retail/fayettemall/,"Lexington, Fayette Mall"
United States,Kentucky,Louisville, Oxmoor,/retail/oxmoor/,"Louisville, Oxmoor"
United States,Louisiana,Baton Rouge, Mall of Louisiana,/retail/malloflouisiana/,"Baton Rouge, Mall of Louisiana"
United States,Louisiana,Metairie, Lakeside Shopping Center,/retail/lakesideshoppingcenter/,"Metairie, Lakeside Shopping Center"
United States,Maine,South Portland, Maine Mall,/retail/mainemall/,"South Portland, Maine Mall"
United States,Maryland,Annapolis, Annapolis,/retail/annapolis/,"Annapolis, Annapolis"
United States,Maryland,Bethesda, Bethesda Row,/retail/bethesdarow/,"Bethesda, Bethesda Row"
United States,Maryland,Bethesda, Montgomery Mall,/retail/montgomerymall/,"Bethesda, Montgomery Mall"
United States,Maryland,Columbia, Columbia,/retail/columbia/,"Columbia, Columbia"
United States,Maryland,Towson, Towson Town Center,/retail/towsontowncenter/,"Towson, Towson Town Center"
United States,Massachusetts,Boston, Boylston Street,/retail/boylstonstreet/,"Boston, Boylston Street"
United States,Massachusetts,Braintree, South Shore,/retail/southshore/,"Braintree, South Shore"
United States,Massachusetts,Burlington, Burlington,/retail/burlington/,"Burlington, Burlington"
United States,Massachusetts,Cambridge, CambridgeSide,/retail/cambridgeside/,"Cambridge, CambridgeSide"
United States,Massachusetts,Chestnut Hill, Chestnut Hill,/retail/chestnuthill/,"Chestnut Hill, Chestnut Hill"
United States,Massachusetts,Dedham, Legacy Place,/retail/legacyplace/,"Dedham, Legacy Place"
United States,Massachusetts,Hingham, Derby Street,/retail/derbystreet/,"Hingham, Derby Street"
United States,Massachusetts,Holyoke, Holyoke,/retail/holyoke/,"Holyoke, Holyoke"
United States,Massachusetts,Lynnfield, MarketStreet,/retail/marketstreet/,"Lynnfield, MarketStreet"
United States,Massachusetts,Marlborough, Solomon Pond Mall,/retail/solomonpondmall/,"Marlborough, Solomon Pond Mall"
United States,Massachusetts,Natick, Natick Collection,/retail/natickcollection/,"Natick, Natick Collection"
United States,Michigan,Ann Arbor, Briarwood,/retail/briarwood/,"Ann Arbor, Briarwood"
United States,Michigan,Clinton Township, Partridge Creek,/retail/partridgecreek/,"Clinton Township, Partridge Creek"
United States,Michigan,Grand Rapids, Woodland,/retail/woodland/,"Grand Rapids, Woodland"
United States,Michigan,Lansing, Eastwood Towne Center,/retail/eastwoodtownecenter/,"Lansing, Eastwood Towne Center"
United States,Michigan,Novi, Twelve Oaks,/retail/twelveoaks/,"Novi, Twelve Oaks"
United States,Michigan,Troy, Somerset,/retail/somerset/,"Troy, Somerset"
United States,Minnesota,Bloomington, Mall of America,/retail/mallofamerica/,"Bloomington, Mall of America"
United States,Minnesota,Edina, Southdale,/retail/southdale/,"Edina, Southdale"
United States,Minnesota,Minneapolis, Uptown,/retail/uptown/,"Minneapolis, Uptown"
United States,Minnesota,Minnetonka, Ridgedale,/retail/ridgedale/,"Minnetonka, Ridgedale"
United States,Minnesota,Roseville, Rosedale Center,/retail/rosedalecenter/,"Roseville, Rosedale Center"
United States,Mississippi,Ridgeland, Renaissance at Colony Park,/retail/renaissanceatcolonypark/,"Ridgeland, Renaissance at Colony Park"
United States,Missouri,Kansas City, Country Club Plaza,/retail/countryclubplaza/,"Kansas City, Country Club Plaza"
United States,Missouri,St. Louis, Saint Louis Galleria,/retail/saintlouisgalleria/,"St. Louis, Saint Louis Galleria"
United States,Missouri,St. Louis, West County,/retail/westcounty/,"St. Louis, West County"
United States,Nebraska,Omaha, Village Pointe,/retail/villagepointe/,"Omaha, Village Pointe"
United States,Nevada,Las Vegas, Fashion Show,/retail/fashionshow/,"Las Vegas, Fashion Show"
United States,Nevada,Las Vegas, Summerlin,/retail/summerlin/,"Las Vegas, Summerlin"
United States,Nevada,Las Vegas, The Forum Shops,/retail/theforumshops/,"Las Vegas, The Forum Shops"
United States,Nevada,Las Vegas, Town Square,/retail/townsquare/,"Las Vegas, Town Square"
United States,Nevada,Reno, Summit Sierra,/retail/summitsierra/,"Reno, Summit Sierra"
United States,New Hampshire,Manchester, The Mall of New Hampshire,/retail/themallofnewhampshire/,"Manchester, The Mall of New Hampshire"
United States,New Hampshire,Nashua, Pheasant Lane,/retail/pheasantlane/,"Nashua, Pheasant Lane"
United States,New Hampshire,Salem, Rockingham Park,/retail/rockinghampark/,"Salem, Rockingham Park"
United States,New Jersey,Atlantic City, The Pier,/retail/thepier/,"Atlantic City, The Pier"
United States,New Jersey,Bridgewater, Bridgewater,/retail/bridgewater/,"Bridgewater, Bridgewater"
United States,New Jersey,Cherry Hill, Cherry Hill,/retail/cherryhill/,"Cherry Hill, Cherry Hill"
United States,New Jersey,Edison, Menlo Park,/retail/menlopark/,"Edison, Menlo Park"
United States,New Jersey,Freehold, Freehold Raceway Mall,/retail/freeholdracewaymall/,"Freehold, Freehold Raceway Mall"
United States,New Jersey,Lawrence Township, Quaker Bridge,/retail/quakerbridge/,"Lawrence Township, Quaker Bridge"
United States,New Jersey,Marlton, Sagemore,/retail/sagemore/,"Marlton, Sagemore"
United States,New Jersey,Paramus, Garden State Plaza,/retail/gardenstateplaza/,"Paramus, Garden State Plaza"
United States,New Jersey,Rockaway, Rockaway,/retail/rockaway/,"Rockaway, Rockaway"
United States,New Jersey,Short Hills, Short Hills,/retail/shorthills/,"Short Hills, Short Hills"
United States,New Jersey,Wayne, Willowbrook,/retail/willowbrook/,"Wayne, Willowbrook"
United States,New Jersey,Woodcliff Lake, Tice's Corner,/retail/ticescorner/,"Woodcliff Lake, Tice's Corner"
United States,New Mexico,Albuquerque, ABQ Uptown,/retail/abquptown/,"Albuquerque, ABQ Uptown"
United States,New York,Albany, Crossgates,/retail/crossgates/,"Albany, Crossgates"
United States,New York,Brooklyn, Downtown Brooklyn,/retail/downtownbrooklyn/,"Brooklyn, Downtown Brooklyn"
United States,New York,Brooklyn, Williamsburg,/retail/williamsburg/,"Brooklyn, Williamsburg"
United States,New York,Buffalo, Walden Galleria,/retail/waldengalleria/,"Buffalo, Walden Galleria"
United States,New York,Elmhurst, Queens Center,/retail/queenscenter/,"Elmhurst, Queens Center"
United States,New York,Garden City, Roosevelt Field,/retail/rooseveltfield/,"Garden City, Roosevelt Field"
United States,New York,Huntington Station, Walt Whitman,/retail/waltwhitman/,"Huntington Station, Walt Whitman"
United States,New York,Lake Grove, Smith Haven,/retail/smithhaven/,"Lake Grove, Smith Haven"
United States,New York,Manhasset, Manhasset,/retail/manhasset/,"Manhasset, Manhasset"
United States,New York,Nanuet, Nanuet,/retail/nanuet/,"Nanuet, Nanuet"
United States,New York,New York, Fifth Avenue,/retail/fifthavenue/,"New York, Fifth Avenue"
United States,New York,New York, Grand Central,/retail/grandcentral/,"New York, Grand Central"
United States,New York,New York, SoHo,/retail/soho/,"New York, SoHo"
United States,New York,New York, Upper East Side,/retail/uppereastside/,"New York, Upper East Side"
United States,New York,New York, Upper West Side,/retail/upperwestside/,"New York, Upper West Side"
United States,New York,New York, West 14th Street,/retail/west14thstreet/,"New York, West 14th Street"
United States,New York,New York, World Trade Center,/retail/worldtradecenter/,"New York, World Trade Center"
United States,New York,Staten Island, Staten Island,/retail/statenisland/,"Staten Island, Staten Island"
United States,New York,Syracuse, Syracuse,/retail/syracuse/,"Syracuse, Syracuse"
United States,New York,Victor, Eastview,/retail/eastview/,"Victor, Eastview"
United States,New York,White Plains, The Westchester,/retail/thewestchester/,"White Plains, The Westchester"
United States,New York,Yonkers, Ridge Hill,/retail/ridgehill/,"Yonkers, Ridge Hill"
United States,North Carolina,Charlotte, Northlake Mall,/retail/northlakemall/,"Charlotte, Northlake Mall"
United States,North Carolina,Charlotte, SouthPark,/retail/southpark/,"Charlotte, SouthPark"
United States,North Carolina,Durham, Southpoint,/retail/southpoint/,"Durham, Southpoint"
United States,North Carolina,Greensboro, Friendly Center,/retail/friendlycenter/,"Greensboro, Friendly Center"
United States,North Carolina,Raleigh, Crabtree Valley Mall,/retail/crabtreevalleymall/,"Raleigh, Crabtree Valley Mall"
United States,Ohio,Akron, Summit Mall,/retail/summitmall/,"Akron, Summit Mall"
United States,Ohio,Beavercreek, The Greene,/retail/thegreene/,"Beavercreek, The Greene"
United States,Ohio,Cincinnati, Kenwood Towne Centre,/retail/kenwoodtownecentre/,"Cincinnati, Kenwood Towne Centre"
United States,Ohio,Columbus, Easton Town Center,/retail/eastontowncenter/,"Columbus, Easton Town Center"
United States,Ohio,Columbus, Polaris Fashion Place,/retail/polarisfashionplace/,"Columbus, Polaris Fashion Place"
United States,Ohio,Toledo, Franklin Park Mall,/retail/franklinparkmall/,"Toledo, Franklin Park Mall"
United States,Ohio,Westlake, Crocker Park,/retail/crockerpark/,"Westlake, Crocker Park"
United States,Ohio,Woodmere, Eton,/retail/eton/,"Woodmere, Eton"
United States,Oklahoma,Oklahoma City, Penn Square,/retail/pennsquare/,"Oklahoma City, Penn Square"
United States,Oklahoma,Tulsa, Woodland Hills,/retail/woodlandhills/,"Tulsa, Woodland Hills"
United States,Oregon,Portland, Pioneer Place,/retail/pioneerplace/,"Portland, Pioneer Place"
United States,Oregon,Tigard, Bridgeport Village,/retail/bridgeportvillage/,"Tigard, Bridgeport Village"
United States,Oregon,Tigard, Washington Square,/retail/washingtonsquare/,"Tigard, Washington Square"
United States,Pennsylvania,Ardmore, Suburban Square,/retail/suburbansquare/,"Ardmore, Suburban Square"
United States,Pennsylvania,King of Prussia, King of Prussia,/retail/kingofprussia/,"King of Prussia, King of Prussia"
United States,Pennsylvania,Lancaster, Park City,/retail/parkcity/,"Lancaster, Park City"
United States,Pennsylvania,Philadelphia, Walnut Street,/retail/walnutstreet/,"Philadelphia, Walnut Street"
United States,Pennsylvania,Pittsburgh, Ross Park,/retail/rosspark/,"Pittsburgh, Ross Park"
United States,Pennsylvania,Pittsburgh, Shadyside,/retail/shadyside/,"Pittsburgh, Shadyside"
United States,Pennsylvania,Pittsburgh, South Hills Village,/retail/southhillsvillage/,"Pittsburgh, South Hills Village"
United States,Pennsylvania,Whitehall, Lehigh Valley,/retail/lehighvalley/,"Whitehall, Lehigh Valley"
United States,Pennsylvania,Willow Grove, Willow Grove Park,/retail/willowgrovepark/,"Willow Grove, Willow Grove Park"
United States,Rhode Island,Providence, Providence Place,/retail/providenceplace/,"Providence, Providence Place"
United States,South Carolina,Charleston, King Street,/retail/kingstreet/,"Charleston, King Street"
United States,South Carolina,Greenville, Haywood Mall,/retail/haywoodmall/,"Greenville, Haywood Mall"
United States,Tennessee,Franklin, CoolSprings Galleria,/retail/coolspringsgalleria/,"Franklin, CoolSprings Galleria"
United States,Tennessee,Germantown, Saddle Creek,/retail/saddlecreek/,"Germantown, Saddle Creek"
United States,Tennessee,Knoxville, West Town Mall,/retail/westtownmall/,"Knoxville, West Town Mall"
United States,Tennessee,Nashville, Green Hills,/retail/greenhills/,"Nashville, Green Hills"
United States,Texas,Austin, Barton Creek,/retail/bartoncreek/,"Austin, Barton Creek"
United States,Texas,Austin, Domain NORTHSIDE,/retail/domainnorthside/,"Austin, Domain NORTHSIDE"
United States,Texas,Dallas, Knox Street,/retail/knoxstreet/,"Dallas, Knox Street"
United States,Texas,Dallas, NorthPark Center,/retail/northparkcenter/,"Dallas, NorthPark Center"
United States,Texas,El Paso, Cielo Vista Mall,/retail/cielovistamall/,"El Paso, Cielo Vista Mall"
United States,Texas,Fort Worth, University Park Village,/retail/universityparkvillage/,"Fort Worth, University Park Village"
United States,Texas,Friendswood, Baybrook,/retail/baybrook/,"Friendswood, Baybrook"
United States,Texas,Frisco, Stonebriar,/retail/stonebriar/,"Frisco, Stonebriar"
United States,Texas,Houston, Highland Village,/retail/highlandvillage/,"Houston, Highland Village"
United States,Texas,Houston, Houston Galleria,/retail/houstongalleria/,"Houston, Houston Galleria"
United States,Texas,Houston, Memorial City,/retail/memorialcity/,"Houston, Memorial City"
United States,Texas,Houston, Willowbrook Mall,/retail/willowbrookmall/,"Houston, Willowbrook Mall"
United States,Texas,Plano, Willow Bend,/retail/willowbend/,"Plano, Willow Bend"
United States,Texas,San Antonio, La Cantera,/retail/lacantera/,"San Antonio, La Cantera"
United States,Texas,San Antonio, North Star,/retail/northstar/,"San Antonio, North Star"
United States,Texas,Southlake, Southlake Town Square,/retail/southlaketownsquare/,"Southlake, Southlake Town Square"
United States,Texas,Sugar Land, First Colony Mall,/retail/firstcolonymall/,"Sugar Land, First Colony Mall"
United States,Texas,The Woodlands, The Woodlands,/retail/thewoodlands/,"The Woodlands, The Woodlands"
United States,Utah,Farmington, Station Park,/retail/stationpark/,"Farmington, Station Park"
United States,Utah,Murray, Fashion Place,/retail/fashionplace/,"Murray, Fashion Place"
United States,Utah,Salt Lake City, City Creek Center,/retail/citycreekcenter/,"Salt Lake City, City Creek Center"
United States,Virginia,Arlington, Clarendon,/retail/clarendon/,"Arlington, Clarendon"
United States,Virginia,Arlington, Pentagon City,/retail/pentagoncity/,"Arlington, Pentagon City"
United States,Virginia,Fairfax, Fair Oaks,/retail/fairoaks/,"Fairfax, Fair Oaks"
United States,Virginia,McLean, Tysons Corner,/retail/tysonscorner/,"McLean, Tysons Corner"
United States,Virginia,Norfolk, MacArthur Center,/retail/macarthurcenter/,"Norfolk, MacArthur Center"
United States,Virginia,Reston, Reston,/retail/reston/,"Reston, Reston"
United States,Virginia,Richmond, Short Pump Town Center,/retail/shortpumptowncenter/,"Richmond, Short Pump Town Center"
United States,Virginia,Virginia Beach, Lynnhaven Mall,/retail/lynnhavenmall/,"Virginia Beach, Lynnhaven Mall"
United States,Virginia,Woodbridge, Potomac Town Center,/retail/potomactowncenter/,"Woodbridge, Potomac Town Center"
United States,Washington,Bellevue, Bellevue Square,/retail/bellevuesquare/,"Bellevue, Bellevue Square"
United States,Washington,Lynnwood, Alderwood Mall,/retail/alderwoodmall/,"Lynnwood, Alderwood Mall"
United States,Washington,Seattle, University Village,/retail/universityvillage/,"Seattle, University Village"
United States,Washington,Spokane, River Park Square,/retail/riverparksquare/,"Spokane, River Park Square"
United States,Washington,Tacoma, Tacoma Mall,/retail/tacomamall/,"Tacoma, Tacoma Mall"
United States,Washington,Tukwila, Southcenter,/retail/southcenter/,"Tukwila, Southcenter"
United States,Wisconsin,Glendale, Bayshore,/retail/bayshore/,"Glendale, Bayshore"
United States,Wisconsin,Madison, Hilldale,/retail/hilldale/,"Madison, Hilldale"
United States,Wisconsin,Wauwatosa, Mayfair,/retail/mayfair/,"Wauwatosa, Mayfair"
Sweden,Helsingborg,Helsingborg, Vala Centrum,/se/retail/valacentrum/,"
Helsingborg, Vala Centrum
Vala Centrum
Marknadsvagen 9
260 36 Helsingborg
042-17 02 00
"
Sweden,Malmo,Malmo, Emporia,/se/retail/emporia/,"
Malmo, Emporia
Emporia
Hyllie Boulevard 19
215 32 Malmo
040-37 10 00
"
Sweden,Taby,Taby, Taby Centrum,/se/retail/tabycentrum/,"
Taby, Taby Centrum
Taby Centrum
Stora Marknadsvagen 15
183 34 Taby
08-446 93 00
"
Switzerland,Basel,Basel, Freie Strasse,/chfr/retail/freiestrasse/,"
Basel, Freie Strasse
Freie Strasse 47

4001 Basel
061 206 01 00
"
Switzerland,Geneva,Geneva, Rue de Rive,/chfr/retail/ruederive/,"
Geneva, Rue de Rive
Rue de Rive 4

1204 Geneva
022 318 03 00
"
Switzerland,Glattzentrum bei Wallisellen,Glattzentrum bei Wallisellen, Glattzentrum,/chfr/retail/glattzentrum/,"
Glattzentrum bei Wallisellen, Glattzentrum
Einkaufszentrum Glatt
Neue Winterthurerstrasse 99
8301 Glattzentrum bei Wallisellen
044 832 81 00
"
Switzerland,Zurich,Zurich, Bahnhofstrasse,/chfr/retail/bahnhofstrasse/,"
Zurich, Bahnhofstrasse
Bahnhofstrasse 77

8001 Zurich
044 213 18 00
"
South Korea,Seoul,Seoul, Garosugil,/kr/retail/garosugil/,"
Seoul, Garosugil
46 Apgujeong-ro 12-gil
Gangnam-gu
Seoul
02-2086-4600
"
Brazil,Barra da Tijuca,Barra da Tijuca, VillageMall,/br/retail/villagemall/,"
Barra da Tijuca, VillageMall
Avenida das Americas, 3.900

Barra da Tijuca, Rio de Janeiro 22640
(21) 3179-3700
"
Brazil,Sao Paulo,Sao Paulo, Morumbi,/br/retail/morumbi/,"
Sao Paulo, Morumbi
Av. Roque Petroni Junior, 1089
Vila Gertrudes
Sao Paulo, SP 04707-900
(11) 5180-5900
"
Mexico,Cuajimalpa de Morelos,Cuajimalpa de Morelos, Via Santa Fe,/mx/retail/viasantafe/,"
Cuajimalpa de Morelos, Via Santa Fe
Avenida Vasco de Quiroga 3800
Lomas de Santa Fe, Antigua Mina de Totoloapa,
05109 - Cuajimalpa de Morelos (D.F., Mexico)
01 55 1037 6400
"
United Arab Emirates,Abu Dhabi,Abu Dhabi, Yas Mall,/ae/retail/yasmall/,"
Abu Dhabi, Yas Mall
Yas Mall
Yas Island
Abu Dhabi
800 04441824
"
United Arab Emirates,Dubai,Dubai, Dubai Mall,/ae/retail/dubaimall/,"
Dubai, Dubai Mall
The Dubai Mall
Downtown
Dubai
800 04449012
"
United Arab Emirates,Dubai,Dubai, Mall of the Emirates,/ae/retail/malloftheemirates/,"
Dubai, Mall of the Emirates
Mall of the Emirates
Al Barsha 1
Dubai
800 04441819
"
United Kingdom,Aberdeen,Aberdeen, Union Square,/uk/retail/unionsquare/,"
Aberdeen, Union Square
27/28 Ground Level Mall, Union Square
Aberdeen, AB11 5PN
01224 287 900
"
United Kingdom,Basingstoke,Basingstoke, Festival Place,/uk/retail/festivalplace/,"
Basingstoke, Festival Place
Upper Level, Queen Anne's Walk
Basingstoke, RG21 7BE
0125669 6000
"
United Kingdom,Bath,Bath, SouthGate,/uk/retail/southgate/,"
Bath, SouthGate
SU39, Southgate Place
Bath, BA1 1AP
01225487 000
"
United Kingdom,Belfast,Belfast, Victoria Square,/uk/retail/victoriasquare/,"
Belfast, Victoria Square
Upper Ground Floor
Belfast, BT1 4QG
0289016 1900
"
United Kingdom,Birmingham,Birmingham, Birmingham,/uk/retail/birmingham/,"
Birmingham, Birmingham
128 New Street
Birmingham, B2 4DB
0121 224 2100
"
United Kingdom,Brighton,Brighton, Churchill Square,/uk/retail/churchillsquare/,"
Brighton, Churchill Square
Upper Mall, Churchill Square
Brighton, BN1 2TE
0127374 0500
"
United Kingdom,Bristol,Bristol, Cabot Circus,/uk/retail/cabotcircus/,"
Bristol, Cabot Circus
11 Philadelphia Street, Quakers Friars
Bristol, BS1 3BZ
0117900 3450
"
United Kingdom,Bristol,Bristol, Cribbs Causeway,/uk/retail/cribbscauseway/,"
Bristol, Cribbs Causeway
Upper Mall
Bristol, BS34 5DG
0117959 7600
"
United Kingdom,Bromley,Bromley, Bromley,/uk/retail/bromley/,"
Bromley, Bromley
The Glades Bromley Shopping Centre
Bromley, BR1 1DN
0208225 5500
"
United Kingdom,Cambridge,Cambridge, Grand Arcade,/uk/retail/grandarcade/,"
Cambridge, Grand Arcade
Grand Arcade Shopping Centre
Cambridge, CB2 3AX
0122325 3600
"
United Kingdom,Cardiff,Cardiff, St David's 2,/uk/retail/stdavids2/,"
Cardiff, St David's 2
63-66 Grand Arcade
Cardiff, CF10 2EL
0292055 6800
"
United Kingdom,Edinburgh,Edinburgh, Princes Street,/uk/retail/princesstreet/,"
Edinburgh, Princes Street
10 Princes Street
Edinburgh, EH2 2AN
0131 242 8200
"
United Kingdom,Exeter,Exeter, Princesshay,/uk/retail/princesshay/,"
Exeter, Princesshay
24 Princesshay
Exeter, EX1 1GE
01392 316600
"
United Kingdom,Gateshead,Gateshead, Metrocentre,/uk/retail/metrocentre/,"
Gateshead, Metrocentre
Metrocentre
Gateshead, NE11 9YG
0191 402 2500
"
United Kingdom,Glasgow,Glasgow, Braehead,/uk/retail/braehead/,"
Glasgow, Braehead
Braehead Shopping Centre
Glasgow, G51 4BP
0141885 4200
"
United Kingdom,Glasgow,Glasgow, Buchanan Street,/uk/retail/buchananstreet/,"
Glasgow, Buchanan Street
147 Buchanan Street
Glasgow, G1 2JX
0141 300 4700
"
United Kingdom,Grays,Grays, Lakeside,/uk/retail/lakeside/,"
Grays, Lakeside
West Thurrock Way
Grays, RM20 2ZP
0170871 7500
"
United Kingdom,Greenhithe,Greenhithe, Bluewater,/uk/retail/bluewater/,"
Greenhithe, Bluewater
Upper Mall
Greenhithe, DA9 9ST
01322 640 100
"
United Kingdom,Kingston upon Thames,Kingston upon Thames, Bentall Centre,/uk/retail/bentallcentre/,"
Kingston upon Thames, Bentall Centre
The Bentall Centre
Kingston upon Thames, KT1 1TP
020 8233 3400
"
United Kingdom,Leeds,Leeds, Trinity Leeds,/uk/retail/trinityleeds/,"
Leeds, Trinity Leeds
Albion Street, 209 Trinity Leeds
Leeds, LS1 5AR
0113 251 1000
"
United Kingdom,Leicester,Leicester, Highcross,/uk/retail/highcross/,"
Leicester, Highcross
Upper Mall, Highcross
Leicester, LE1 4FT
0116201 1900
"
United Kingdom,Liverpool,Liverpool, Liverpool,/uk/retail/liverpool/,"
Liverpool, Liverpool
Liverpool One
Liverpool, L1 8BU
0151 472 7200
"
United Kingdom,London,London, Brent Cross,/uk/retail/brentcross/,"
London, Brent Cross
Upper West Mall
London, NW4 3FP
020 3126 9200
"
United Kingdom,London,London, Covent Garden,/uk/retail/coventgarden/,"
London, Covent Garden
No. 1-7 The Piazza
London, WC2E 8HB
0207447 1400
"
United Kingdom,London,London, Regent Street,/uk/retail/regentstreet/,"
London, Regent Street
235 Regent Street
London, W1B 2EL
020 7153 9000
"
United Kingdom,London,London, Stratford City,/uk/retail/stratfordcity/,"
London, Stratford City
The Arcade, Westfield Stratford City
London, E20 1EQ
0208277 2200
"
United Kingdom,London,London, White City,/uk/retail/whitecity/,"
London, White City
Westfield London
London, W12 7GF
0208433 4600
"
United Kingdom,Manchester,Manchester, Manchester Arndale,/uk/retail/manchesterarndale/,"
Manchester, Manchester Arndale
New Cannon Street Mall
Manchester, M4 3AJ
0161 455 1900
"
United Kingdom,Manchester,Manchester, Trafford Centre,/uk/retail/traffordcentre/,"
Manchester, Trafford Centre
146 Peel Avenue
Manchester, M17 8BL
0161240 1000
"
United Kingdom,Milton Keynes,Milton Keynes, Milton Keynes,/uk/retail/miltonkeynes/,"
Milton Keynes, Milton Keynes
26 Midsummer Place
Milton Keynes, MK9 3GB
019 0885 6650
"
United Kingdom,Newcastle upon Tyne,Newcastle upon Tyne, Eldon Square,/uk/retail/eldonsquare/,"
Newcastle upon Tyne, Eldon Square
St Andrew's Way
Newcastle upon Tyne, NE1 7JB
0191 270 6100
"
United Kingdom,Norwich,Norwich, Chapelfield,/uk/retail/chapelfield/,"
Norwich, Chapelfield
Merchants Hall
Norwich, NR2 1SU
0160321 6600
"
United Kingdom,Plymouth,Plymouth, Drake Circus,/uk/retail/drakecircus/,"
Plymouth, Drake Circus
1 Charles Street
Plymouth, PL1 1EA
017 5263 3000
"
United Kingdom,Reading,Reading, The Oracle,/uk/retail/theoracle/,"
Reading, The Oracle
Upper Level, The Oracle Shopping Centre
Reading, RG1 2AG
0118925 4500
"
United Kingdom,Sheffield,Sheffield, Meadowhall,/uk/retail/meadowhall/,"
Sheffield, Meadowhall
Upper High Street
Sheffield, S9 1EN
0114 212 1000
"
United Kingdom,Solihull,Solihull, Touchwood Centre,/uk/retail/touchwoodcentre/,"
Solihull, Touchwood Centre
The Touchwood Centre
Solihull, B91 3GJ
0121 224 1300
"
United Kingdom,Southampton,Southampton, Southampton,/uk/retail/southampton/,"
Southampton, Southampton
Upper Shopping
Southampton, SO15 1QE
023 8030 3100
"
United Kingdom,Watford,Watford, Watford,/uk/retail/watford/,"
Watford, Watford
Intu Watford Shopping Centre
Watford, WD17 2TN
0192342 1700
"
Austria,Vienna,Vienna, Karntner Strasse,/at/retail/kaerntnerstrasse/,"
Vienna, Karntner Strasse
Karntner Strasse 11

1010 Vienna
0800 909103
"
Japan,Chuo-ku ,Chuo-ku ,Ginza,/jp/retail/ginza/,"
Chuo-ku Ginza
3-5-12 Ginza
Sayegusa Building
Chuo-ku, Tokyo
104-0061
03-5159-8200
"
Japan,Fukuoka-shi ,Fukuoka-shi ,Fukuoka Tenjin,/jp/retail/fukuokatenjin/,"
Fukuoka-shi Fukuoka Tenjin
2-3-24 Tenjin, Chuo-ku
Tenjin Luce
Fukuoka-shi, Fukuoka
810-0001
092-736-6800
"
Japan,Nagoya-shi ,Nagoya-shi ,Nagoya Sakae,/jp/retail/nagoyasakae/,"
Nagoya-shi Nagoya Sakae
3-17-15 Sakae, Naka-ku
FX Building
Nagoya-shi, Aichi
460-0008
052-238-2400
"
Japan,Osaka-shi ,Osaka-shi ,Shinsaibashi,/jp/retail/shinsaibashi/,"
Osaka-shi Shinsaibashi
1-5-5 Shinsaibashi, Chuo-ku
UrbanBLD Shinsaibashi
Osaka-shi, Osaka
542-0086
06-4963-4500
"
Japan,Sendai-shi ,Sendai-shi ,Sendai Ichibancho,/jp/retail/sendaiichibancho/,"
Sendai-shi Sendai Ichibancho
3-10-24 Ichibancho, Aoba-ku
Sendai-shi, Miyagi
980-0081
022-722-3001
"
Japan,Shibuya-ku ,Shibuya-ku ,Omotesando,/jp/retail/omotesando/,"
Shibuya-ku Omotesando
4-2-13 Jingumae
Shibuya-ku, Tokyo
150-0001
03-6757-4400
"
Japan,Shibuya-ku ,Shibuya-ku ,Shibuya (Temporarily Closed),/jp/retail/shibuya/,"
Shibuya-ku Shibuya (Temporarily Closed)
1-20-9 Jinnan
Koendori Building
Shibuya-ku, Tokyo
150-0041
03-6415-3300
"
Taiwan,Taipei 101,Taipei 101,"Taipei 101, Taipei 101 L1",/tw/retail/taipei101/,"
Taipei 101
Taipei 101, Taipei 101 L1
Taipei
02 8726 3500
"
Macao,Macao,Macao, Galaxy Macau,/mo-en/retail/galaxymacau/,"
Macao, Galaxy Macau
Galaxy Macau The Promenade

Cotai, Macao 
87919000
"
